<?xml version="1.0"?>
<!--<!DOCTYPE metadata SYSTEM "http://www.esri.com/metadata/esriprof80.dtd">-->
<metadata xml:lang="en"><Esri><CreaDate>20080701</CreaDate><CreaTime>14185600</CreaTime><SyncOnce>FALSE</SyncOnce><SyncDate>20080801</SyncDate><SyncTime>14555700</SyncTime><ModDate>20080801</ModDate><ModTime>14555700</ModTime><DataProperties><lineage><Process ToolSource="C:\Program Files\ArcGIS\ArcToolbox\Toolboxes\Data Management Tools.tbx\CopyFeatures" Date="20070517" Time="120118">CopyFeatures C:\GIS_data\WGEW_2007\Watersheds\subws\polygon C:\GIS_data\WGEW_2007\Watersheds\subws_polygon.shp # 0 0 0</Process><Process Name="FeatureClassToFeatureClass_1" ToolSource="C:\Program Files\ArcGIS\ArcToolbox\Toolboxes\Conversion Tools.tbx\FeatureClassToFeatureClass" Date="20080701" Time="093640">FeatureClassToFeatureClass C:\GIS\walnutgulch\DAP\Working\WGDAP.mdb\watersheds\subws C:\GIS\walnutgulch\DAP\Working\Watersheds subws.shp # "MAJOR_SUBW MAJOR_SUBW true true false 8 Double 0 0 ,First,#,C:\GIS\walnutgulch\DAP\Working\WGDAP.mdb\watersheds\subws,MAJOR_SUBW,-1,-1;SUBWS_ SUBWS_ true true false 8 Double 0 0 ,First,#,C:\GIS\walnutgulch\DAP\Working\WGDAP.mdb\watersheds\subws,SUBWS_,-1,-1;SUBWS_ID SUBWS_ID true true false 8 Double 0 0 ,First,#,C:\GIS\walnutgulch\DAP\Working\WGDAP.mdb\watersheds\subws,SUBWS_ID,-1,-1;SUBWS_NUM SUBWS_NUM true true false 8 Double 0 0 ,First,#,C:\GIS\walnutgulch\DAP\Working\WGDAP.mdb\watersheds\subws,SUBWS_NUM,-1,-1;Shape_Leng Shape_Length false true true 8 Double 0 0 ,First,#,C:\GIS\walnutgulch\DAP\Working\WGDAP.mdb\watersheds\subws,Shape_Length,-1,-1;Shape_Area Shape_Area false true true 8 Double 0 0 ,First,#,C:\GIS\walnutgulch\DAP\Working\WGDAP.mdb\watersheds\subws,Shape_Area,-1,-1" # C:\GIS\walnutgulch\DAP\Working\Watersheds\subws.shp</Process><Process Name="FeatureClassToFeatureClass_1" ToolSource="C:\Program Files\ArcGIS\ArcToolbox\Toolboxes\Conversion Tools.tbx\FeatureClassToFeatureClass" Date="20080701" Time="100825">FeatureClassToFeatureClass C:\GIS\walnutgulch\DAP\Working\WGDAP.mdb\watersheds\major_subws C:\GIS\walnutgulch\DAP\Working\Watersheds major_subws.shp # "MAJOR_SUBW MAJOR_SUBW true true false 8 Double 0 0 ,First,#,C:\GIS\walnutgulch\DAP\Working\WGDAP.mdb\watersheds\major_subws,MAJOR_SUBW,-1,-1;SUBWS_ SUBWS_ true true false 8 Double 0 0 ,First,#,C:\GIS\walnutgulch\DAP\Working\WGDAP.mdb\watersheds\major_subws,SUBWS_,-1,-1;SUBWS_ID SUBWS_ID true true false 8 Double 0 0 ,First,#,C:\GIS\walnutgulch\DAP\Working\WGDAP.mdb\watersheds\major_subws,SUBWS_ID,-1,-1;SUBWS_NUM SUBWS_NUM true true false 8 Double 0 0 ,First,#,C:\GIS\walnutgulch\DAP\Working\WGDAP.mdb\watersheds\major_subws,SUBWS_NUM,-1,-1;Shape_Leng Shape_Length false true true 8 Double 0 0 ,First,#,C:\GIS\walnutgulch\DAP\Working\WGDAP.mdb\watersheds\major_subws,Shape_Length,-1,-1;Shape_Area Shape_Area false true true 8 Double 0 0 ,First,#,C:\GIS\walnutgulch\DAP\Working\WGDAP.mdb\watersheds\major_subws,Shape_Area,-1,-1" # C:\GIS\walnutgulch\DAP\Working\Watersheds\major_subws.shp</Process><Process Name="FeatureClassToFeatureClass_1" ToolSource="C:\Program Files\ArcGIS\ArcToolbox\Toolboxes\Conversion Tools.tbx\FeatureClassToFeatureClass" Date="20080707" Time="131240">FeatureClassToFeatureClass C:\GIS\walnutgulch\DAP\Distribution\boundary\boundary.shp C:\GIS\walnutgulch\WGEW.mdb\Hydrography boundary # "MAJOR_SUBW MAJOR_SUBW true false false 19 Double 0 0 ,First,#,C:\GIS\walnutgulch\DAP\Distribution\boundary\boundary.shp,MAJOR_SUBW,-1,-1;Shape_Leng Shape_Leng true false false 19 Double 0 0 ,First,#,C:\GIS\walnutgulch\DAP\Distribution\boundary\boundary.shp,Shape_Leng,-1,-1;Shape_Area Shape_Area true false false 19 Double 0 0 ,First,#,C:\GIS\walnutgulch\DAP\Distribution\boundary\boundary.shp,Shape_Area,-1,-1" # C:\GIS\walnutgulch\WGEW.mdb\Hydrography\boundary</Process><Process Name="Clip_2" ToolSource="C:\Program Files\ArcGIS\ArcToolbox\Toolboxes\Analysis Tools.tbx\Clip" Date="20080801" Time="141217">Clip boundary subws C:\GIS\walnutgulch\WGEW.mdb\Hydrography\boundary_Clip #</Process><Process Name="FeatureClassToFeatureClass_1" ToolSource="C:\Program Files\ArcGIS\ArcToolbox\Toolboxes\Conversion Tools.tbx\FeatureClassToFeatureClass" Date="20080801" Time="145557">FeatureClassToFeatureClass C:\GIS\walnutgulch\WGEW.mdb\Hydrography\boundary_Clip C:\GIS\walnutgulch\DAP\Distribution\boundary boundary.shp # "MAJOR_SUBW MAJOR_SUBW true true false 8 Double 0 0 ,First,#,C:\GIS\walnutgulch\WGEW.mdb\Hydrography\boundary_Clip,MAJOR_SUBW,-1,-1;Shape_Leng Shape_Leng true true false 8 Double 0 0 ,First,#,C:\GIS\walnutgulch\WGEW.mdb\Hydrography\boundary_Clip,Shape_Leng,-1,-1;Shape_Le_1 Shape_Length false true true 8 Double 0 0 ,First,#,C:\GIS\walnutgulch\WGEW.mdb\Hydrography\boundary_Clip,Shape_Length,-1,-1;Shape_Area Shape_Area false true true 8 Double 0 0 ,First,#,C:\GIS\walnutgulch\WGEW.mdb\Hydrography\boundary_Clip,Shape_Area,-1,-1" # C:\GIS\walnutgulch\DAP\Distribution\boundary\boundary.shp</Process></lineage></DataProperties><MetaID>{153C21C6-122F-4555-A410-D6C0F6B8FB91}</MetaID></Esri><idinfo><native Sync="TRUE">Microsoft Windows XP Version 5.1 (Build 2600) Service Pack 3; ESRI ArcCatalog 9.2.6.1500</native><descript><langdata Sync="TRUE">en</langdata><abstract>boundary is a polygonal coverage of the watershed boundary for Walnut Gulch Experimental Watershed.  It is a result of the merging of all delineated subwatersheds. The subwatersheds were hand drawn from the 1988 1:5000 aerial photographs with visual interpretation.</abstract><purpose>For general reference and display</purpose><supplinf>Watersheds were aggragated from the subws polygon coverage</supplinf></descript><citation><citeinfo><origin>Scott Miller</origin><pubdate>1994</pubdate><title Sync="TRUE">boundary</title><ftname Sync="TRUE">boundary</ftname><geoform Sync="TRUE">vector digital data</geoform><onlink Sync="TRUE">\\PW42-SWRC-MOJAV\Distribution\boundary\boundary.shp</onlink></citeinfo></citation><timeperd><current>publication date</current><timeinfo><sngdate><caldate>1994</caldate></sngdate></timeinfo></timeperd><status><progress>Complete</progress><update>None planned</update></status><spdom><bounding><westbc Sync="TRUE">-110.154156</westbc><eastbc Sync="TRUE">-109.877989</eastbc><northbc Sync="TRUE">31.774129</northbc><southbc Sync="TRUE">31.662646</southbc></bounding><lboundng><leftbc Sync="TRUE">580185.133400</leftbc><rightbc Sync="TRUE">606244.415900</rightbc><bottombc Sync="TRUE">3503589.000000</bottombc><topbc Sync="TRUE">3515712.070100</topbc></lboundng></spdom><keywords><theme><themekt>None</themekt><themekey>Walnut Gulch Watershed</themekey><themekey>Hydrography</themekey><themekey>watersheds</themekey><themekey>subwatersheds</themekey></theme><place><placekey>Arizona</placekey><placekey>Walnut Gulch Watershed</placekey><placekey>San Pedro River Basin</placekey></place></keywords><accconst>None</accconst><useconst>None</useconst><natvform Sync="TRUE">Shapefile</natvform><datacred>Scott Miller, USDA-ARS Southwest Watershed Research Center, 1994</datacred><ptcontac><cntinfo><cntaddr><addrtype>mailing and physical address</addrtype><address>2000 E. Allen Rd.</address><city>Tucson</city><state>Arizona</state><postal>85719</postal><country>USA</country></cntaddr><cntorgp><cntorg>USDA-ARS Southwest Watershed Research Center</cntorg><cntper>GIS Coordinator</cntper></cntorgp><cntvoice>(520) 670-6380</cntvoice><cntemail>ARS-PWA-TUCSON-SWRC-GIS@ars.usda.gov</cntemail></cntinfo></ptcontac></idinfo><dataIdInfo><envirDesc Sync="TRUE">Microsoft Windows XP Version 5.1 (Build 2600) Service Pack 3; ESRI ArcCatalog 9.2.6.1500</envirDesc><dataLang><languageCode Sync="TRUE" value="en"></languageCode></dataLang><idCitation><resTitle Sync="TRUE">boundary</resTitle><presForm><PresFormCd Sync="TRUE" value="005"></PresFormCd></presForm></idCitation><spatRpType><SpatRepTypCd Sync="TRUE" value="001"></SpatRepTypCd></spatRpType><dataExt><geoEle><GeoBndBox esriExtentType="native"><westBL Sync="TRUE">580185.1334</westBL><eastBL Sync="TRUE">606244.4159</eastBL><northBL Sync="TRUE">3515712.0701</northBL><southBL Sync="TRUE">3503589</southBL><exTypeCode Sync="TRUE">1</exTypeCode></GeoBndBox></geoEle></dataExt><geoBox esriExtentType="decdegrees"><westBL Sync="TRUE">-110.154156</westBL><eastBL Sync="TRUE">-109.877989</eastBL><northBL Sync="TRUE">31.774129</northBL><southBL Sync="TRUE">31.662646</southBL><exTypeCode Sync="TRUE">1</exTypeCode></geoBox></dataIdInfo><metainfo><langmeta Sync="TRUE">en</langmeta><metstdn Sync="TRUE">FGDC Content Standards for Digital Geospatial Metadata</metstdn><metstdv Sync="TRUE">FGDC-STD-001-1998</metstdv><mettc Sync="TRUE">local time</mettc><metc><cntinfo><cntorgp><cntper>GIS Coordinator</cntper><cntorg>USDA-ARS Southwest Watershed Research Center </cntorg></cntorgp><cntaddr><addrtype>mailing and physical address</addrtype><city>Tucson</city><state>Arizona</state><postal>85719</postal><address>2000 E. Allen Rd. </address><country>USA</country></cntaddr><cntvoice>(520) 670-6380</cntvoice><cntemail>ARS-PWA-TUCSON-SWRC-GIS@ars.usda.gov</cntemail></cntinfo></metc><metd Sync="TRUE">20080801</metd><metextns><onlink Sync="TRUE">http://www.esri.com/metadata/esriprof80.html</onlink><metprof Sync="TRUE">ESRI Metadata Profile</metprof></metextns></metainfo><mdLang><languageCode Sync="TRUE" value="en"></languageCode></mdLang><mdStanName Sync="TRUE">ISO 19115 Geographic Information - Metadata</mdStanName><mdStanVer Sync="TRUE">DIS_ESRI1.0</mdStanVer><mdChar><CharSetCd Sync="TRUE" value="004"></CharSetCd></mdChar><mdHrLv><ScopeCd Sync="TRUE" value="005"></ScopeCd></mdHrLv><mdHrLvName Sync="TRUE">dataset</mdHrLvName><distinfo><resdesc Sync="TRUE">Downloadable Data</resdesc><stdorder><digform><digtinfo><transize Sync="TRUE">0.000</transize><dssize Sync="TRUE">0.000</dssize></digtinfo></digform></stdorder></distinfo><distInfo><distributor><distorTran><onLineSrc><orDesc Sync="TRUE">002</orDesc><linkage Sync="TRUE">file://\\PW42-SWRC-MOJAV\Distribution\boundary\boundary.shp</linkage><protocol Sync="TRUE">Local Area Network</protocol></onLineSrc><transSize Sync="TRUE">0.000</transSize></distorTran><distorFormat><formatName Sync="TRUE">Shapefile</formatName></distorFormat></distributor></distInfo><spdoinfo><direct Sync="TRUE">Vector</direct><ptvctinf><esriterm Name="boundary"><efeatyp Sync="TRUE">Simple</efeatyp><efeageom Sync="TRUE">Polygon</efeageom><esritopo Sync="TRUE">FALSE</esritopo><efeacnt Sync="TRUE">0</efeacnt><spindex Sync="TRUE">FALSE</spindex><linrefer Sync="TRUE">FALSE</linrefer><XYRank Sync="TRUE">1</XYRank><ZRank Sync="TRUE">1</ZRank><topoWeight Sync="TRUE">5.000000</topoWeight><validateEvents Sync="TRUE">FALSE</validateEvents><partTopoRules><topoRuleID Sync="TRUE">1</topoRuleID></partTopoRules><partTopoRules><topoRuleID Sync="TRUE">2</topoRuleID></partTopoRules></esriterm><sdtsterm Name="boundary"><sdtstype Sync="TRUE">G-polygon</sdtstype><ptvctcnt Sync="TRUE">0</ptvctcnt></sdtsterm><esriterm Name="label"><efeatyp Sync="TRUE">Simple</efeatyp><efeageom Sync="TRUE">Label</efeageom><esritopo Sync="TRUE">FALSE</esritopo><efeacnt Sync="TRUE">44</efeacnt><spindex Sync="TRUE">FALSE</spindex><linrefer Sync="TRUE">FALSE</linrefer></esriterm><sdtsterm Name="label"><sdtstype Sync="TRUE">Label point</sdtstype><ptvctcnt Sync="TRUE">44</ptvctcnt></sdtsterm><esriterm Name="polygon"><efeatyp Sync="TRUE">Simple</efeatyp><efeageom Sync="TRUE">Polygon</efeageom><esritopo Sync="TRUE">TRUE</esritopo><efeacnt Sync="TRUE">44</efeacnt><spindex Sync="TRUE">FALSE</spindex><linrefer Sync="TRUE">FALSE</linrefer></esriterm><sdtsterm Name="polygon"><sdtstype Sync="TRUE">GT-polygon composed of chains</sdtstype><ptvctcnt Sync="TRUE">44</ptvctcnt></sdtsterm><esriterm Name="tic"><efeatyp Sync="TRUE">Simple</efeatyp><efeageom Sync="TRUE">Tic</efeageom><esritopo Sync="TRUE">FALSE</esritopo><efeacnt Sync="TRUE">4</efeacnt><spindex Sync="TRUE">FALSE</spindex><linrefer Sync="TRUE">FALSE</linrefer></esriterm><sdtsterm Name="tic"><sdtstype Sync="TRUE">Point</sdtstype><ptvctcnt Sync="TRUE">4</ptvctcnt></sdtsterm></ptvctinf></spdoinfo><spref><horizsys><cordsysn><geogcsn Sync="TRUE">GCS_North_American_1983</geogcsn><projcsn Sync="TRUE">NAD_1983_UTM_Zone_12N</projcsn></cordsysn><planar><planci><plance Sync="TRUE">coordinate pair</plance><plandu Sync="TRUE">meters</plandu><coordrep><absres Sync="TRUE">0.000000</absres><ordres Sync="TRUE">0.000000</ordres></coordrep></planci><gridsys><gridsysn Sync="TRUE">Universal Transverse Mercator</gridsysn><utm><utmzone Sync="TRUE">12</utmzone><transmer><sfctrmer Sync="TRUE">0.999600</sfctrmer><longcm Sync="TRUE">-111.000000</longcm><latprjo Sync="TRUE">0.000000</latprjo><feast Sync="TRUE">500000.000000</feast><fnorth Sync="TRUE">0.000000</fnorth></transmer></utm></gridsys></planar><geodetic><horizdn Sync="TRUE">North American Datum of 1983</horizdn><ellips Sync="TRUE">Geodetic Reference System 80</ellips><semiaxis Sync="TRUE">6378137.000000</semiaxis><denflat Sync="TRUE">298.257222</denflat></geodetic></horizsys><vertdef><altsys><altenc Sync="TRUE">Explicit elevation coordinate included with horizontal coordinates</altenc><altres Sync="TRUE">0.000100</altres></altsys></vertdef></spref><refSysInfo><RefSystem><refSysID><identCode Sync="TRUE">NAD_1983_UTM_Zone_12N</identCode></refSysID></RefSystem></refSysInfo><spatRepInfo><VectSpatRep><topLvl><TopoLevCd Sync="TRUE" value="001"></TopoLevCd></topLvl><geometObjs Name="boundary"><geoObjTyp><GeoObjTypCd Sync="TRUE" value="001"></GeoObjTypCd></geoObjTyp><geoObjCnt Sync="TRUE">0</geoObjCnt></geometObjs></VectSpatRep></spatRepInfo><eainfo><detailed Name="boundary"><enttyp><enttypl Sync="TRUE">boundary</enttypl><enttypt Sync="TRUE">Feature Class</enttypt><enttypc Sync="TRUE">0</enttypc></enttyp><attr><attrlabl Sync="TRUE">MAJOR_SUBW</attrlabl><attalias Sync="TRUE">MAJOR_SUBW</attalias><attrtype Sync="TRUE">Float</attrtype><attwidth Sync="TRUE">19</attwidth><atnumdec Sync="TRUE">11</atnumdec></attr><attr><attrlabl Sync="TRUE">Shape_Area</attrlabl><attalias Sync="TRUE">Shape_Area</attalias><attrtype Sync="TRUE">Float</attrtype><attwidth Sync="TRUE">19</attwidth><attrdef Sync="TRUE">Area of feature in internal units squared.</attrdef><attrdefs Sync="TRUE">ESRI</attrdefs><attrdomv><udom Sync="TRUE">Positive real numbers that are automatically generated.</udom></attrdomv><atnumdec Sync="TRUE">11</atnumdec></attr><attr><attrlabl Sync="TRUE">Shape</attrlabl><attalias Sync="TRUE">Shape</attalias><attrtype Sync="TRUE">Float</attrtype><attwidth Sync="TRUE">19</attwidth><attrdef Sync="TRUE">Feature geometry.</attrdef><attrdefs Sync="TRUE">ESRI</attrdefs><attrdomv><udom Sync="TRUE">Coordinates defining the features.</udom></attrdomv></attr><attr><attrlabl Sync="TRUE">Shape_Leng</attrlabl><attalias Sync="TRUE">Shape_Leng</attalias><attrtype Sync="TRUE">Float</attrtype><attwidth Sync="TRUE">19</attwidth></attr><attr><attrlabl Sync="TRUE">FID</attrlabl><attalias Sync="TRUE">FID</attalias><attrtype Sync="TRUE">Float</attrtype><attwidth Sync="TRUE">19</attwidth><attrdef Sync="TRUE">Internal feature number.</attrdef><attrdefs Sync="TRUE">ESRI</attrdefs><attrdomv><udom Sync="TRUE">Sequential unique whole numbers that are automatically generated.</udom></attrdomv></attr><attr><attrlabl Sync="TRUE">Shape_Le_1</attrlabl><attalias Sync="TRUE">Shape_Le_1</attalias><attrtype Sync="TRUE">Float</attrtype><attwidth Sync="TRUE">19</attwidth></attr></detailed><detailed Name="streams.pat"><enttyp><enttypl Sync="TRUE">streams.pat</enttypl><enttypt Sync="TRUE">Feature Class</enttypt><enttypc Sync="TRUE">1237</enttypc></enttyp><attr><attrlabl Sync="TRUE">FID</attrlabl><attalias Sync="TRUE">FID</attalias><attrtype Sync="TRUE">OID</attrtype><attwidth Sync="TRUE">4</attwidth><atprecis Sync="TRUE">0</atprecis><attscale Sync="TRUE">0</attscale><attrdef Sync="TRUE">Internal feature number.</attrdef><attrdefs Sync="TRUE">ESRI</attrdefs><attrdomv><udom Sync="TRUE">Sequential unique whole numbers that are automatically generated.</udom></attrdomv></attr><attr><attrlabl Sync="TRUE">Shape</attrlabl><attalias Sync="TRUE">Shape</attalias><attrtype Sync="TRUE">Geometry</attrtype><attwidth Sync="TRUE">0</attwidth><atprecis Sync="TRUE">0</atprecis><attscale Sync="TRUE">0</attscale><attrdef Sync="TRUE">Feature geometry.</attrdef><attrdefs Sync="TRUE">ESRI</attrdefs><attrdomv><udom Sync="TRUE">Coordinates defining the features.</udom></attrdomv></attr><attr><attrlabl Sync="TRUE">AREA</attrlabl><attwidth Sync="TRUE">19</attwidth><atoutwid Sync="TRUE">12</atoutwid><attrtype Sync="TRUE">Float</attrtype><atnumdec Sync="TRUE">11</atnumdec><attrdef Sync="TRUE">Area of feature in internal units squared.</attrdef><attrdefs Sync="TRUE">ESRI</attrdefs><attrdomv><udom Sync="TRUE">Positive real numbers that are automatically generated.</udom></attrdomv></attr><attr><attrlabl Sync="TRUE">PERIMETER</attrlabl><attwidth Sync="TRUE">19</attwidth><atoutwid Sync="TRUE">12</atoutwid><attrtype Sync="TRUE">Float</attrtype><atnumdec Sync="TRUE">11</atnumdec><attrdef Sync="TRUE">Perimeter of feature in internal units.</attrdef><attrdefs Sync="TRUE">ESRI</attrdefs><attrdomv><udom Sync="TRUE">Positive real numbers that are automatically generated.</udom></attrdomv></attr><attr><attrlabl Sync="TRUE">STREAMS#</attrlabl><attwidth Sync="TRUE">19</attwidth><atoutwid Sync="TRUE">5</atoutwid><attrtype Sync="TRUE">Float</attrtype><attrdef Sync="TRUE">Internal feature number.</attrdef><attrdefs Sync="TRUE">ESRI</attrdefs><attrdomv><udom Sync="TRUE">Sequential unique whole numbers that are automatically generated.</udom></attrdomv><atnumdec Sync="TRUE">11</atnumdec></attr><attr><attrlabl Sync="TRUE">STREAMS-ID</attrlabl><attwidth Sync="TRUE">19</attwidth><atoutwid Sync="TRUE">5</atoutwid><attrtype Sync="TRUE">Float</attrtype><attrdef Sync="TRUE">User-defined feature number.</attrdef><attrdefs Sync="TRUE">ESRI</attrdefs><atnumdec Sync="TRUE">11</atnumdec></attr><attr><attrlabl Sync="TRUE">CODE</attrlabl><attwidth Sync="TRUE">19</attwidth><atoutwid Sync="TRUE">1</atoutwid><attrtype Sync="TRUE">Float</attrtype><atnumdec Sync="TRUE">11</atnumdec></attr><attr><attrlabl Sync="TRUE">FEATURE</attrlabl><attwidth Sync="TRUE">19</attwidth><atoutwid Sync="TRUE">10</atoutwid><attrtype Sync="TRUE">Float</attrtype><atnumdec Sync="TRUE">11</atnumdec></attr></detailed></eainfo><mdDateSt Sync="TRUE">20080801</mdDateSt><dataqual><attracc><attraccr>None</attraccr></attracc><logic>None</logic><complete>None</complete><posacc><horizpa><horizpar>None</horizpar></horizpa><vertacc><vertaccr>None</vertaccr></vertacc></posacc><lineage><procstep><procsv>ArcGIS 8.3</procsv><procdate>February 2004</procdate><proccont><cntinfo><cntperp><cntper>Andy MacLeod</cntper><cntorg>USDS-ARS Southwest Watershed Research Center</cntorg></cntperp><cntpos>Contract Employee</cntpos></cntinfo></proccont><procdesc>The coverage subwatersheds (subws) was created by visual delineation and interpretation of the subwatersheds onto mylar sheets off of the 1988 1:5000 aerial photos (ortho-rectified).  Polygons and lines were then subsequently digitized and attributed. 
The coverage subws was created with the projection and coordinate system of UTM 12N, NAD27, and Clarke1866.  This coverage was updated to UTM 12N, NAD83, and GRS1980 in February 2004. Projectdefine command in ArcINFO used to establish original projection in coverage.  Project command in ArcINFO used to change datum.
The coverage subws was converted to a shapefile for polygonal editing in Arc GIS 8.3 and Arc View 3.2. Editing consisted of populating the subws_num with the designated subwatershed numbers and removing spurious polygons at the boundary of subws 122 and subws 209.  During the conversion from a coverage to a shapefile the projection and coordinate system carried over, but was lost during the conversion from a shapefile to a coverage.  The projection and corrdinate system was reassinged to the corrected coverage in Arc Catalog.</procdesc></procstep><procstep><proccont><cntinfo><cntperp><cntper>Catlow Shipek</cntper><cntorg>USDA ARS SWRC</cntorg></cntperp><cntpos>Hydro Technician</cntpos></cntinfo></proccont><procdesc>Subwatershed boundaries adjusted based on 2003-04 1meter LiDAR hillshade model with 1meter contour lines. </procdesc><procsv>ArcGIS 9.2</procsv><procdate>July 2008</procdate></procstep><procstep><proccont><cntinfo><cntperp><cntper>Catlow Shipek</cntper><cntorg>USDA ARS SWRC</cntorg></cntperp></cntinfo></proccont><procdesc>Subwatersheds were merged to create the watershed boundary.</procdesc><procsv>ArcGIS 9.2</procsv><procdate>July 2008</procdate></procstep><procstep><procdesc Sync="TRUE">Dataset copied.</procdesc><srcused Sync="TRUE">C:\GIS\walnutgulch\DAP\Working\Watersheds\major_subws</srcused><date Sync="TRUE">20080701</date><time Sync="TRUE">13492800</time></procstep><procstep><procdesc Sync="TRUE">Dataset copied.</procdesc><srcused Sync="TRUE">C:\GIS\walnutgulch\DAP\Working\Watersheds\boundary</srcused><date Sync="TRUE">20080701</date><time Sync="TRUE">14185600</time></procstep></lineage><cloud>N/A</cloud></dataqual></metadata>
